mu_ess,mu_r_hat,sigma_ess,sigma_r_hat,epsilon,time,sampler,Nd,Nsamples,Nadapt,delta
480.9772760144673,0.9995472313352611,584.4164910086602,0.9992992086079923,0.6891070000000002,4.211759613,CmdStanNUTS,10,2000,1000,0.8
296.09936304335673,1.000046287981928,463.29425919283443,0.9999955210139256,0.2387786627426683,5.993062094,AHMCNUTS,10,2000,1000,0.8
618.1221512951763,0.999667701257121,422.6423871660655,0.9997271915162191,,5.486422603,DHMCNUTS,10,2000,1000,0.8
693.2560873395038,1.0059553649558493,615.0106131629911,1.0032957021007307,0.56776,0.632276296,CmdStanNUTS,10,2000,1000,0.8
337.0869730264212,1.001856890574619,420.21064524552344,1.0045879709957823,0.1760701616081176,1.22743748,AHMCNUTS,10,2000,1000,0.8
658.1554558884886,1.0027958913104693,325.07705853266424,0.9991428975347619,,0.042827266,DHMCNUTS,10,2000,1000,0.8
659.9016517997654,0.9990001590244196,498.30341691348303,0.9993416267939133,0.7603700000000008,0.601171381,CmdStanNUTS,10,2000,1000,0.8
231.30107422832018,0.9997553032063914,350.40744512368155,0.9990870507637136,0.11717670000147626,1.322136758,AHMCNUTS,10,2000,1000,0.8
530.5620049911878,0.9990515802504816,421.3113007565214,0.9998721923368911,,0.048315694,DHMCNUTS,10,2000,1000,0.8
640.2052420388684,1.0053416691688468,492.07038768475053,0.9994715785947043,0.778072999999999,0.616278039,CmdStanNUTS,10,2000,1000,0.8
454.2141123767754,1.0047095911371244,423.0653051539545,0.9996275869668533,0.06977673867237986,1.597665234,AHMCNUTS,10,2000,1000,0.8
709.5141327789937,0.9994352216239887,317.16786008515646,0.9990243539439866,,0.049572091,DHMCNUTS,10,2000,1000,0.8
515.6792299440726,1.0006451964841403,543.9985417697777,0.9999633581922648,0.7576210000000001,0.657970491,CmdStanNUTS,10,2000,1000,0.8
614.5116000906412,0.9995799463622447,293.28898640109844,0.9998491008456831,0.1929392635530184,0.97142728,AHMCNUTS,10,2000,1000,0.8
485.9252684890989,0.9990201020055715,272.5181660738905,1.006787494635079,,0.054053976,DHMCNUTS,10,2000,1000,0.8
543.7792794228619,1.0012883922109905,344.1007929212444,1.001504282952623,0.6653779999999999,0.709327193,CmdStanNUTS,10,2000,1000,0.8
530.8000527063954,1.0028975959344064,471.7007067087647,1.0049968375004508,0.20688509307017416,0.93924224,AHMCNUTS,10,2000,1000,0.8
503.9124704191861,0.9990351113906674,362.1340610238273,1.000541648804942,,0.058031874,DHMCNUTS,10,2000,1000,0.8
438.7905345072217,1.0017798582972075,362.5248290733479,1.0063635016598553,0.6136649999999997,0.612151042,CmdStanNUTS,10,2000,1000,0.8
616.681048719666,0.9993139555492526,322.3749521464875,1.0028256098455297,0.08786668115011943,1.338271442,AHMCNUTS,10,2000,1000,0.8
577.0969106441107,1.0004613259410324,267.9332605535484,1.0078095075206217,,0.05645858,DHMCNUTS,10,2000,1000,0.8
435.59920096323225,1.0105145372586655,396.0944663193174,0.9993883030774118,0.6785849999999989,0.63766978,CmdStanNUTS,10,2000,1000,0.8
454.5232929370359,0.9991846383998392,390.9283545612956,1.0042246069069583,0.1457682796339805,1.063569044,AHMCNUTS,10,2000,1000,0.8
583.5902057849244,0.9992483005975401,290.5568053144165,1.0050090931930022,,0.055818575,DHMCNUTS,10,2000,1000,0.8
500.54458411692366,0.9991915191860139,317.7156399865948,1.0021615949803975,0.7640910000000003,0.650725157,CmdStanNUTS,10,2000,1000,0.8
422.6547358808938,1.0029260789581524,440.4834886234375,1.0016814436578694,0.3047247471468047,0.886090512,AHMCNUTS,10,2000,1000,0.8
670.4669905329589,0.9994513480629876,399.9215756307107,1.0012480266313895,,0.046604267,DHMCNUTS,10,2000,1000,0.8
396.68148867001656,1.0004817358222353,415.1448962701176,0.9995816858882448,0.5844160000000004,0.629621297,CmdStanNUTS,10,2000,1000,0.8
481.72647788500313,1.0017086015596015,358.73138865828355,1.0064555194491178,0.12754894596121777,1.069410889,AHMCNUTS,10,2000,1000,0.8
613.229907703692,1.00003085281011,220.12981357520903,0.9990149314638429,,0.064593086,DHMCNUTS,10,2000,1000,0.8
575.553546679358,1.0017922581672178,489.49238562360415,0.9991322209072718,0.7025289999999993,0.634807125,CmdStanNUTS,10,2000,1000,0.8
332.4008019644448,1.0004113459235058,412.406822075676,1.0028388622419822,0.11152302726922698,1.396604729,AHMCNUTS,10,2000,1000,0.8
921.4146559656433,1.0007589421691951,453.4749987510789,1.000355688985577,,0.043651489,DHMCNUTS,10,2000,1000,0.8
565.1562620401892,1.0026125077464585,520.3208785091796,1.0032049035249226,0.725437,0.62785209,CmdStanNUTS,10,2000,1000,0.8
349.80729341335456,1.0058028003677777,437.3385885332119,0.9990008286978516,0.14967810007628946,1.185173686,AHMCNUTS,10,2000,1000,0.8
489.26945353661336,0.9998985334241657,467.6032827282524,0.9993212131500658,,0.049883227,DHMCNUTS,10,2000,1000,0.8
423.15364386874523,0.9997538856482288,394.97094575199196,0.9989995214593924,0.5988809999999994,0.609654866,CmdStanNUTS,10,2000,1000,0.8
268.4714275843259,1.0001958575745924,223.05056015095607,1.0023358829860298,0.3199521471108976,0.803377976,AHMCNUTS,10,2000,1000,0.8
739.587960402262,0.9995168387146599,491.66807043837395,1.0008835898595463,,0.051623999,DHMCNUTS,10,2000,1000,0.8
560.4497030448192,0.999044115482995,528.8730781756475,1.0003339672678129,0.7389190000000005,0.61097741,CmdStanNUTS,10,2000,1000,0.8
365.04061064355164,0.9990602436757822,237.338443367561,1.009719306348694,0.10308176398735105,1.315261556,AHMCNUTS,10,2000,1000,0.8
716.5337540013247,0.9992915497110024,294.2373459468951,1.0032257885618372,,0.058918664,DHMCNUTS,10,2000,1000,0.8
301.66139565456666,1.0042498215077966,344.67349225747853,1.0032298991604436,0.6135110000000001,0.597055816,CmdStanNUTS,10,2000,1000,0.8
259.47301731664,0.9998532477839055,336.4199681057097,1.000869606128144,0.28361756084421674,0.782809786,AHMCNUTS,10,2000,1000,0.8
657.7841292240535,0.9990133323620336,230.78187233039498,0.9991549972963806,,0.054396886,DHMCNUTS,10,2000,1000,0.8
673.2137061527701,0.99926370713665,333.2698979419447,0.9990463333054034,0.6503390000000004,0.667336673,CmdStanNUTS,10,2000,1000,0.8
409.9832014202905,0.9994741046009574,471.1148255952493,0.9991147398905017,0.045479319887769876,2.050820171,AHMCNUTS,10,2000,1000,0.8
599.6336424801322,1.001808211148909,335.8811926500233,1.0007442663764203,,0.053946288,DHMCNUTS,10,2000,1000,0.8
504.58518195963103,1.0000612229851418,445.16801340634896,1.0100823459532078,0.6218999999999995,0.607453139,CmdStanNUTS,10,2000,1000,0.8
453.6604047468588,1.0016481440493472,507.8526863703669,0.9990150642528862,0.1500774338057688,1.060876322,AHMCNUTS,10,2000,1000,0.8
462.7612984671621,1.0044804665304679,386.1995794244027,1.00913602442948,,0.049161584,DHMCNUTS,10,2000,1000,0.8
458.17727500883905,0.9991133211052763,462.1331832028633,0.9999897599194184,0.7831300000000001,0.605447764,CmdStanNUTS,10,2000,1000,0.8
390.2848184467989,1.0063696336698829,390.95561694265814,1.0004998739826463,0.2065020801025774,0.960882099,AHMCNUTS,10,2000,1000,0.8
568.8053388279043,0.9990114858867807,311.44376349959515,0.9992130111659879,,0.05047541,DHMCNUTS,10,2000,1000,0.8
774.9398616337738,0.9996542960164193,475.0136910030948,0.999915555215737,0.7830289999999996,0.593971281,CmdStanNUTS,10,2000,1000,0.8
236.1165217085744,1.0019399059031084,451.05009260753195,1.0060464494629453,0.35117631877329786,0.854207502,AHMCNUTS,10,2000,1000,0.8
459.0369622269555,0.9998122015144539,275.8787476773689,1.0015910592851751,,0.05070543,DHMCNUTS,10,2000,1000,0.8
684.595214122611,0.9991941403401796,517.690587468677,0.9999479833390347,0.7135859999999993,0.665252946,CmdStanNUTS,10,2000,1000,0.8
501.60210627259465,1.0035111666859735,496.75307524774837,1.0008191924106782,0.18520961997257795,0.997879487,AHMCNUTS,10,2000,1000,0.8
804.5863004107126,1.0013795346484644,642.8917276816853,0.9993940474162369,,0.043990507,DHMCNUTS,10,2000,1000,0.8
527.9191859502334,0.999045954524507,613.1155529384573,0.9992199646948815,0.5863979999999999,0.606018595,CmdStanNUTS,10,2000,1000,0.8
325.33500742752454,1.0001389134824934,278.47447244518634,1.0067325458584517,0.34237366290959065,1.078186376,AHMCNUTS,10,2000,1000,0.8
654.7911114855528,1.0011301073053402,316.63169813745975,1.003390225782064,,0.043535152,DHMCNUTS,10,2000,1000,0.8
569.653033648855,0.9990915264831659,506.9777231499974,0.9990132665493484,0.6619659999999998,0.623929811,CmdStanNUTS,10,2000,1000,0.8
430.9484275600766,1.0004814410313736,443.9383338400657,0.9993361006956124,0.163734918918619,1.051370074,AHMCNUTS,10,2000,1000,0.8
452.9986267185173,0.999554308513755,387.5774784749662,0.9997687658071212,,0.05808232,DHMCNUTS,10,2000,1000,0.8
503.95134157291227,1.003489267410208,484.4908378529819,0.9995310358784733,0.7082860000000007,0.650722534,CmdStanNUTS,10,2000,1000,0.8
305.4390220980606,1.0001222779650498,461.3630093501351,1.0021308637712762,0.19473829396212158,0.997204088,AHMCNUTS,10,2000,1000,0.8
381.53268395444474,1.0041437619468077,330.324634927754,1.0027003194928943,,0.066556785,DHMCNUTS,10,2000,1000,0.8
661.8396784947613,0.9992209853124214,455.3248993780011,0.9990852134197583,0.6561850000000008,0.606149301,CmdStanNUTS,10,2000,1000,0.8
510.1772492057963,1.003163666038599,356.43188603920424,0.9993319806821954,0.08785440138336144,1.386123055,AHMCNUTS,10,2000,1000,0.8
513.2884940118621,0.9994636533280352,170.20385634658547,0.9991818402456563,,0.044937674,DHMCNUTS,10,2000,1000,0.8
406.6972627311313,1.0003784666385829,443.80380581684045,1.0016320957091542,0.7849969999999992,0.611658497,CmdStanNUTS,10,2000,1000,0.8
341.67531833409,0.9991303159902298,295.9441643532141,1.0000445778218479,0.4356294311670093,0.804570198,AHMCNUTS,10,2000,1000,0.8
530.4987136025574,0.9990995652945112,414.2831168370382,0.9993853519619396,,0.056254988,DHMCNUTS,10,2000,1000,0.8
597.6892608773235,0.9998184379944849,550.930418234589,0.9991488301492824,0.6575470000000004,0.60855614,CmdStanNUTS,10,2000,1000,0.8
197.71782319798513,0.9995862004902825,425.86480580678136,1.0017224271159044,0.10509595369457457,1.382382372,AHMCNUTS,10,2000,1000,0.8
619.0074152074781,1.0003481602260453,462.89657873004717,1.0068584675783714,,0.054723949,DHMCNUTS,10,2000,1000,0.8
610.0575888526613,0.999059492813314,587.6636200571476,0.9991284547609552,0.8259899999999997,0.600353743,CmdStanNUTS,10,2000,1000,0.8
384.51536815655004,1.0009111709273057,303.5189911928024,0.9994742270522136,0.11782868713822905,1.141044927,AHMCNUTS,10,2000,1000,0.8
419.55274614907097,0.9994614503273644,256.3251271044911,1.002738583418563,,0.049132798,DHMCNUTS,10,2000,1000,0.8
486.121660751426,1.000162439206764,388.64292883763574,1.0084781806114365,0.8115219999999985,0.608936924,CmdStanNUTS,10,2000,1000,0.8
332.5616457827363,0.9989998967700382,487.340548535033,1.0007002466459765,0.16557543546131176,1.046050024,AHMCNUTS,10,2000,1000,0.8
668.2910058342609,0.9991979077608861,398.22294022775554,1.0093830905492978,,0.064653755,DHMCNUTS,10,2000,1000,0.8
635.5136936995043,1.000560036173043,484.2364213239218,1.0003833885848386,0.6440050000000002,0.610715205,CmdStanNUTS,10,2000,1000,0.8
318.38364884932236,0.9993357188960507,438.34925009087215,0.9992065468390734,0.25489346491052695,0.946416708,AHMCNUTS,10,2000,1000,0.8
534.2415028107911,1.0029977384578421,260.3196672585554,1.0031882034864512,,0.050609243,DHMCNUTS,10,2000,1000,0.8
423.34272128413033,0.9998809455223021,306.433096647046,0.9990166487913524,0.7484320000000004,0.62245614,CmdStanNUTS,10,2000,1000,0.8
379.9926790688637,1.004380029547726,311.0831760719873,1.0000348663766743,0.08097833260659476,1.444480387,AHMCNUTS,10,2000,1000,0.8
372.64340259204437,1.000185306632123,250.64888931486433,1.0053272603830792,,0.048045984,DHMCNUTS,10,2000,1000,0.8
246.680783007026,1.002181628321239,413.2796994932091,1.0019520504423167,0.7466620000000005,0.61802651,CmdStanNUTS,10,2000,1000,0.8
363.88239286864746,1.0078330406592595,334.57052277797703,1.0005148509872495,0.3041361758725214,1.004060712,AHMCNUTS,10,2000,1000,0.8
769.2692875132411,0.9990271758303872,378.01189732920744,0.9998520255029157,,0.043336435,DHMCNUTS,10,2000,1000,0.8
591.5379348195412,1.0003745666276205,507.01580514584555,0.9995460696549529,0.7220459999999994,0.616200681,CmdStanNUTS,10,2000,1000,0.8
369.0244175948405,1.0004318090510234,375.9240741253143,1.0001237376271002,0.28797683311792005,0.890372466,AHMCNUTS,10,2000,1000,0.8
458.96246013877527,1.0026996061193694,368.77515472989796,1.0017169870460043,,0.051321263,DHMCNUTS,10,2000,1000,0.8
407.5651167036595,0.9990260556488302,392.4724957521382,0.9994456184659584,0.7474440000000009,0.63697961,CmdStanNUTS,10,2000,1000,0.8
349.1947244575646,0.9993677252179679,367.67345480593553,1.012079883455093,0.07759603143985132,1.453014697,AHMCNUTS,10,2000,1000,0.8
625.9831825595863,0.9998234705655759,314.17289226590293,1.0055408257350913,,0.049034143,DHMCNUTS,10,2000,1000,0.8
681.9579792900051,1.0004068808130298,488.8823161937391,1.0008161715966528,0.7335869999999998,0.61356561,CmdStanNUTS,10,2000,1000,0.8
478.29045179752325,0.9991939139913761,270.43683308087213,1.001901891685693,0.20676247918591356,0.926229826,AHMCNUTS,10,2000,1000,0.8
990.4945758044299,0.999745683683667,295.41578484931983,1.0053979051649702,,0.04379327,DHMCNUTS,10,2000,1000,0.8
586.8788482849162,0.999119825435136,502.1161222819636,0.9992120396289496,0.6600699999999999,0.643659712,CmdStanNUTS,10,2000,1000,0.8
21.518623093718055,1.0541011865259247,24.75300092428701,1.0043215031946964,0.8765178206020091,0.682215062,AHMCNUTS,10,2000,1000,0.8
463.5181839867253,0.9991483842740062,285.4669013375346,1.0010460076983119,,0.054014401,DHMCNUTS,10,2000,1000,0.8
606.8773314105985,1.0012717003847456,464.0799367846084,1.0018110790375192,0.6212329999999993,0.654035724,CmdStanNUTS,10,2000,1000,0.8
353.03952690364116,0.999746459318427,554.9746431672586,0.9990651093714982,0.17770703186309636,1.135886658,AHMCNUTS,10,2000,1000,0.8
524.570558676773,0.9991782339942652,388.2422109741035,1.0015100004296864,,0.046089292,DHMCNUTS,10,2000,1000,0.8
581.9296572872447,0.999003672759478,496.55485535382167,0.999387011631627,0.6689900000000006,0.604239342,CmdStanNUTS,10,2000,1000,0.8
313.6772277244042,1.0008971778460396,381.4045625839524,1.0034715737712536,0.22740939053327638,0.987483887,AHMCNUTS,10,2000,1000,0.8
420.54838458669366,1.0010195020824413,404.95269846842984,0.9990028988667724,,0.048982321,DHMCNUTS,10,2000,1000,0.8
600.3820819435728,0.9990680549696143,433.4399200673747,0.9990096838914735,0.7493180000000005,0.601070229,CmdStanNUTS,10,2000,1000,0.8
223.39774748079088,1.0100987017598066,473.9008997957306,0.9995737662034222,0.37172895259636596,0.840040865,AHMCNUTS,10,2000,1000,0.8
609.0868543955518,1.000384771120169,394.0674745644028,1.0066647661968555,,0.048112875,DHMCNUTS,10,2000,1000,0.8
338.659061925103,0.9992427632095442,365.3880929241133,0.9990766626356777,0.5978660000000001,0.640027756,CmdStanNUTS,10,2000,1000,0.8
399.0170634492967,0.9990004657298548,338.57223107919253,1.0054508970679648,0.19596500426219585,0.98504878,AHMCNUTS,10,2000,1000,0.8
362.13391052086735,1.0022747150149276,270.0930120750018,1.0017980623614142,,0.050282749,DHMCNUTS,10,2000,1000,0.8
574.5153185973246,0.9991157711497415,338.477616484026,1.005110847442544,0.5647540000000003,0.643935492,CmdStanNUTS,10,2000,1000,0.8
521.3067151310349,1.0008025770752835,323.915289497126,1.004670810044641,0.16581141329042554,0.999448844,AHMCNUTS,10,2000,1000,0.8
892.1441670789108,0.9992213773314841,435.88856047838414,1.0028279146643924,,0.063098556,DHMCNUTS,10,2000,1000,0.8
791.588873456718,1.0004257016775744,619.4547776472109,0.9999961922384127,0.8432049999999992,0.625045294,CmdStanNUTS,10,2000,1000,0.8
414.7763514957271,1.0081402622011588,409.4029422608812,0.9995017460821046,0.2995680746632412,1.122741644,AHMCNUTS,10,2000,1000,0.8
744.1092517595163,0.9992772678187616,461.19556113976245,0.9994961000140528,,0.04200146,DHMCNUTS,10,2000,1000,0.8
405.03282018746626,1.00344779147213,359.30967267655285,0.9991025453037358,0.7379030000000003,0.606697622,CmdStanNUTS,10,2000,1000,0.8
69.87905458206157,1.0031566809256038,142.32890734741179,1.0037835424306867,0.39666083695858717,0.754952569,AHMCNUTS,10,2000,1000,0.8
678.1114423966886,0.9990936499966859,377.794618694036,1.0012285826198912,,0.059189187,DHMCNUTS,10,2000,1000,0.8
460.14886815218915,0.9991082855993623,452.2966847503255,1.0019052804502158,0.683969,0.63310011,CmdStanNUTS,10,2000,1000,0.8
390.6823249213937,1.0004948535767644,304.34501397826796,1.0011366654547498,0.33949659041693686,0.790600213,AHMCNUTS,10,2000,1000,0.8
826.9298443748942,0.9997531990069544,326.9604200194944,1.0162529004119225,,0.05553023,DHMCNUTS,10,2000,1000,0.8
647.6463528163393,1.0016751807919835,583.6651119070308,0.9990007954104919,0.6833379999999997,0.637492885,CmdStanNUTS,10,2000,1000,0.8
379.17046563101366,0.9990471661784909,394.42600816564084,1.0059676302319953,0.31640752829467567,0.892731893,AHMCNUTS,10,2000,1000,0.8
801.3670477192372,0.9996287089074174,421.26729740395837,1.0045438269963876,,0.056978403,DHMCNUTS,10,2000,1000,0.8
515.5258927144489,1.0019091225328427,475.9867588998396,1.0041707739767027,0.6863910000000001,0.621654749,CmdStanNUTS,10,2000,1000,0.8
321.4891685983637,1.0001507419420967,498.86491060140105,0.9993567328659305,0.3270849080846729,0.843625481,AHMCNUTS,10,2000,1000,0.8
468.09458866569634,1.0018502720146383,440.5271922706434,0.9992225052474779,,0.051491832,DHMCNUTS,10,2000,1000,0.8
681.6285267440493,1.0007881835568848,535.503695407784,0.9999511871036316,0.7003709999999994,0.633299339,CmdStanNUTS,10,2000,1000,0.8
269.67143017049193,0.9993132401514442,486.3199504419254,0.9997746317627098,0.1611469213666005,1.154164194,AHMCNUTS,10,2000,1000,0.8
708.3953450896779,0.9992994178145601,517.5898819122121,0.9990600811675259,,0.055469025,DHMCNUTS,10,2000,1000,0.8
550.2357772376955,0.9998994681701177,498.59826098961065,1.002570375311601,0.7106260000000001,0.624641895,CmdStanNUTS,10,2000,1000,0.8
374.7821562363514,0.9997772104458251,241.26676960872953,1.0039963276227153,0.07337258193976796,1.516192892,AHMCNUTS,10,2000,1000,0.8
757.5881732491551,0.9997920292034165,360.86634136121546,1.0016058815154598,,0.048791165,DHMCNUTS,10,2000,1000,0.8
423.97405521394546,0.9992729487934087,463.66344391311947,0.9990300765505264,0.6710169999999994,0.628063992,CmdStanNUTS,10,2000,1000,0.8
200.71699866242787,0.9997229467523209,232.39449703020523,1.0033103180036989,0.3362099620945132,0.795337709,AHMCNUTS,10,2000,1000,0.8
664.5708906832361,0.9991642863439998,369.2632288445107,0.9990229241016607,,0.052375271,DHMCNUTS,10,2000,1000,0.8
665.9753462029221,1.0000703775587445,477.78702936330893,1.0004065947703866,0.6722630000000009,0.697980366,CmdStanNUTS,10,2000,1000,0.8
461.98945790707387,1.0012503326457503,437.42421385881204,1.000397600503228,0.11127331763910561,1.242732373,AHMCNUTS,10,2000,1000,0.8
633.2713846070949,0.9999521075412054,468.4610263962046,0.9990759079820505,,0.059557948,DHMCNUTS,10,2000,1000,0.8
409.90505867319195,0.9997569196218477,441.17810018433755,0.9990012955400506,0.8565770000000009,0.608054386,CmdStanNUTS,10,2000,1000,0.8
350.0113322739946,1.0014955081877719,368.03137439629336,1.0000323256480594,0.0783815568049958,1.538372759,AHMCNUTS,10,2000,1000,0.8
694.7968791949288,0.9990045579346771,442.283213193266,0.9990879773159503,,0.050924326,DHMCNUTS,10,2000,1000,0.8
712.3122115842384,0.9993847360782458,690.3901062128275,1.0025133188693864,0.9155129999999992,0.606347018,CmdStanNUTS,100,2000,1000,0.8
1e3,0.9990604499764966,1e3,1.0003468729056466,0.0774476473228507,4.39981206,AHMCNUTS,100,2000,1000,0.8
794.7295986030646,1.0097613469794016,352.2016345789136,0.99928096196743,,0.085434726,DHMCNUTS,100,2000,1000,0.8
1e3,0.9990973050480066,790.1852524580614,1.0001314630111782,1.0316299999999996,0.617723799,CmdStanNUTS,100,2000,1000,0.8
583.4773755407373,1.000522864719539,886.9122545877019,1.0009698587330391,0.053271664005093984,5.385002297,AHMCNUTS,100,2000,1000,0.8
901.6950183726888,1.0055440415995152,598.6123932443253,1.0009934925456192,,0.083082709,DHMCNUTS,100,2000,1000,0.8
621.2496073517457,1.0044377156585,1e3,0.9991314266497026,0.8046840000000008,0.610851502,CmdStanNUTS,100,2000,1000,0.8
759.5753889679711,0.9990062161107075,938.5284863696759,1.0003058019910713,0.08238316608035219,4.248914469,AHMCNUTS,100,2000,1000,0.8
1e3,1.0017378740387555,629.2746857839014,1.0028641358357604,,0.082224052,DHMCNUTS,100,2000,1000,0.8
849.7689581383669,1.0010737214308207,617.9991932320678,0.9996478290301729,0.7250480000000005,0.60582557,CmdStanNUTS,100,2000,1000,0.8
595.5583991248069,1.0023474785138067,659.5296068971695,1.0007416824510265,0.09997850158852747,3.933477056,AHMCNUTS,100,2000,1000,0.8
770.9768505998469,0.9992274030899971,593.5210654179106,1.0000087891812441,,0.082659918,DHMCNUTS,100,2000,1000,0.8
585.9228262531417,0.9992926712926616,863.5207273075339,0.9990637994962074,0.8399480000000001,0.647227144,CmdStanNUTS,100,2000,1000,0.8
587.8607404784632,1.0025049011073013,785.703627337271,0.9997639403523535,0.07282507302648822,4.487634396,AHMCNUTS,100,2000,1000,0.8
573.2444878515573,1.0057480255319644,627.1924560407328,0.9990213565217922,,0.084565858,DHMCNUTS,100,2000,1000,0.8
772.932256183784,0.9990062645415749,752.7856802517712,1.0028328317412016,0.6894729999999998,0.617639551,CmdStanNUTS,100,2000,1000,0.8
416.5990290876503,1.0085798155339982,988.3864151261417,0.9990348925184335,0.06079274333769816,5.061094869,AHMCNUTS,100,2000,1000,0.8
1e3,0.9990112482758264,517.7912519959648,0.9991004245007611,,0.075199227,DHMCNUTS,100,2000,1000,0.8
669.0282042405859,0.999247964970871,1e3,1.000153371106561,0.8047129999999998,0.609693715,CmdStanNUTS,100,2000,1000,0.8
519.6230893309961,0.9990041242133798,651.6704128564711,0.9990922618126012,0.018628094201587203,9.483546641,AHMCNUTS,100,2000,1000,0.8
1e3,0.9996038296073593,437.1017915707675,1.0008764726042285,,0.076876746,DHMCNUTS,100,2000,1000,0.8
870.1011972967666,1.0006064619110449,1e3,0.9991405499092546,0.9118670000000009,0.618760029,CmdStanNUTS,100,2000,1000,0.8
468.9639651799905,1.0018240435477646,439.4435048673167,1.0026522807462313,0.024505524055033093,7.868361332,AHMCNUTS,100,2000,1000,0.8
873.868354190967,0.9990102544673005,600.749469845515,0.9989996391021158,,0.085363663,DHMCNUTS,100,2000,1000,0.8
951.2478628137937,0.9992627682296882,904.9541280025772,1.0021552396656197,0.9659749999999999,0.60306765,CmdStanNUTS,100,2000,1000,0.8
568.0074562419408,0.9990208705325262,790.4697787271226,1.0007675994272114,0.10117907184198467,3.913569539,AHMCNUTS,100,2000,1000,0.8
846.305530964728,0.9993560542685868,475.8592500324203,1.0006446513628038,,0.090649086,DHMCNUTS,100,2000,1000,0.8
1e3,0.9991008189045795,777.8266503762798,1.002861327832024,0.8467389999999994,0.643181371,CmdStanNUTS,100,2000,1000,0.8
799.4221009067836,0.9992214172165822,1e3,0.9995452610514647,0.07204511101759176,4.322690221,AHMCNUTS,100,2000,1000,0.8
862.5966186552336,1.0020903653338349,500.0420885640513,0.9997029404831689,,0.075785407,DHMCNUTS,100,2000,1000,0.8
710.9901574349567,1.0026303240018326,981.4698415252458,0.9992639009740522,0.8915750000000012,0.650496166,CmdStanNUTS,100,2000,1000,0.8
521.8919815591736,0.9994618173646714,626.8850947350925,0.9999027607645067,0.049751925818573954,5.561221132,AHMCNUTS,100,2000,1000,0.8
1e3,1.0004626310838567,767.5773512457325,1.0001911831848929,,0.068648073,DHMCNUTS,100,2000,1000,0.8
706.7581279120483,1.0012647161280397,558.1932723984953,0.9993643307993043,0.7082520000000011,0.610639175,CmdStanNUTS,100,2000,1000,0.8
287.07236884853324,0.9991902258164639,539.2929090025855,1.0014604406732583,0.12444566638751,3.734104116,AHMCNUTS,100,2000,1000,0.8
869.3822737116292,0.9990791510783992,537.795195956488,1.0060172765196072,,0.080355277,DHMCNUTS,100,2000,1000,0.8
1e3,0.9996583576876001,760.0961761818842,0.9991655755184502,1.0284100000000003,0.608052058,CmdStanNUTS,100,2000,1000,0.8
425.77338162530367,0.9991309721426161,431.6332398255355,1.00079102569207,0.01784804106327205,9.464578605,AHMCNUTS,100,2000,1000,0.8
924.9357359047688,0.9993082155309975,569.4716773447666,0.9999236880946332,,0.081309096,DHMCNUTS,100,2000,1000,0.8
683.8672429518649,0.999707500488293,434.71764358307865,1.0036043968341515,0.7821310000000001,0.661075681,CmdStanNUTS,100,2000,1000,0.8
345.2444830539561,0.9990666287728601,540.6368347792345,0.9991401548341488,0.12808836868274207,3.659139288,AHMCNUTS,100,2000,1000,0.8
887.6749249643484,0.9991446161625965,520.9119660050376,1.0027663327699263,,0.08289443,DHMCNUTS,100,2000,1000,0.8
815.5198106235614,1.0000862654970324,1e3,0.9993717153067673,0.8668309999999997,0.629339291,CmdStanNUTS,100,2000,1000,0.8
578.8750495721597,0.9999937676160924,437.91545825215525,0.999612534014076,0.020966803509847226,8.539660442,AHMCNUTS,100,2000,1000,0.8
1e3,1.0033935218331906,585.4518443151186,0.999269327112068,,0.091698501,DHMCNUTS,100,2000,1000,0.8
652.5735227152653,1.0018588589474424,581.0278673127144,0.9991985155768686,0.8401149999999991,0.636066817,CmdStanNUTS,100,2000,1000,0.8
420.16884155158016,1.0004170440681657,1e3,1.0010364686545854,0.06944291931970165,4.783846762,AHMCNUTS,100,2000,1000,0.8
820.2669342325319,0.9997926297678038,559.6500730225073,1.0001636221764219,,0.079397418,DHMCNUTS,100,2000,1000,0.8
777.4398012692525,1.0012149032003943,725.0068958099956,0.9990956951808599,0.8096409999999997,0.603267197,CmdStanNUTS,100,2000,1000,0.8
728.5775884934701,0.9994138483733781,893.84004312641,0.9991911205318601,0.09680103927194825,3.902000874,AHMCNUTS,100,2000,1000,0.8
808.9576172545605,1.0002554768925263,901.6036024820776,0.9998586035914855,,0.069624339,DHMCNUTS,100,2000,1000,0.8
685.596610416254,1.0007430706453273,724.1253265822818,0.9992121030915734,0.728116,0.611102409,CmdStanNUTS,100,2000,1000,0.8
784.1006099039836,0.9998187386942282,999.3727382375413,0.9993820351251632,0.07181365188275629,4.131102295,AHMCNUTS,100,2000,1000,0.8
867.9956566767142,0.9992579557127252,396.31419816908254,1.0004744647539334,,0.084987487,DHMCNUTS,100,2000,1000,0.8
636.5487832834328,1.0003945078346856,712.5644160508846,1.0004579081963745,0.7908850000000008,0.618764564,CmdStanNUTS,100,2000,1000,0.8
212.28387328201896,1.0064162949204514,374.9771766129302,1.0076963419168914,0.14091867811514885,3.863701233,AHMCNUTS,100,2000,1000,0.8
1e3,0.9990259959821055,592.3578103119997,1.0015008195282291,,0.08863141,DHMCNUTS,100,2000,1000,0.8
815.0024277524436,1.0004501988570003,612.7436459799411,0.9992402587785478,0.7940249999999999,0.686758195,CmdStanNUTS,100,2000,1000,0.8
434.98329213343385,0.9990490851908157,612.9430303838689,0.9990062959818111,0.04838894104084413,5.704605813,AHMCNUTS,100,2000,1000,0.8
1e3,1.0008864765420986,564.5880201896816,0.9993643447317883,,0.078547048,DHMCNUTS,100,2000,1000,0.8
789.378313757988,0.9991400261308538,667.5489239209242,1.0029277887729764,0.7359780000000009,0.61208215,CmdStanNUTS,100,2000,1000,0.8
487.8313676837426,0.9994132011277232,526.9464208120194,0.9990846350858201,0.04662517955317764,5.473344746,AHMCNUTS,100,2000,1000,0.8
949.4958857110007,0.9990354753100129,500.20330218204833,0.9991051401804603,,0.078924019,DHMCNUTS,100,2000,1000,0.8
843.6709009936042,0.9994906868926066,685.5890293116171,0.9991241146749091,0.8011550000000007,0.62648708,CmdStanNUTS,100,2000,1000,0.8
359.0415975284286,1.000289631521598,754.4253614287533,0.9992351288044601,0.06796686555923391,4.709139878,AHMCNUTS,100,2000,1000,0.8
1e3,0.9990544294869251,587.4371851917887,0.9996670265353196,,0.075965166,DHMCNUTS,100,2000,1000,0.8
782.8289343116237,0.9997251215982405,663.5367833122427,1.00378875670952,0.7491220000000003,0.610021686,CmdStanNUTS,100,2000,1000,0.8
776.6973695095468,1.0004918689780333,830.645322687424,1.004156083756187,0.09587061176179938,4.043329363,AHMCNUTS,100,2000,1000,0.8
1e3,0.9992425943634098,706.7995164041031,0.9993520246474904,,0.070798312,DHMCNUTS,100,2000,1000,0.8
1e3,0.9999851894441091,849.4737605668004,0.9991162292563535,0.8592140000000006,0.675100887,CmdStanNUTS,100,2000,1000,0.8
436.7221929703238,0.9995778602703886,523.9905347010115,0.9993798570213158,0.11075019463456834,3.663941771,AHMCNUTS,100,2000,1000,0.8
742.5319292392195,1.0007039197702472,560.9961195120361,1.0002240939394258,,0.08139316,DHMCNUTS,100,2000,1000,0.8
965.4880902358366,0.9992943895203397,553.2599129646711,1.008179727852277,0.8233430000000009,0.615348398,CmdStanNUTS,100,2000,1000,0.8
424.4570508605643,0.9990543759901056,487.84186339137096,1.0020792161962595,0.02375378000582897,8.127348229,AHMCNUTS,100,2000,1000,0.8
803.380199820469,1.000296130267321,480.30088464339747,0.999018208544395,,0.086205539,DHMCNUTS,100,2000,1000,0.8
656.648150135403,1.0005673009353764,748.7629470776101,0.9999251221271512,0.798170999999999,0.629222733,CmdStanNUTS,100,2000,1000,0.8
557.1829974115317,0.9991678222233362,653.219174411969,1.000015267369692,0.10521189525638582,3.755431996,AHMCNUTS,100,2000,1000,0.8
893.910333862383,0.9999062027866676,583.7464589745726,1.001668690233207,,0.083305613,DHMCNUTS,100,2000,1000,0.8
1e3,0.9992849928839558,748.173693613857,1.0012876591196207,0.8511560000000007,0.606314563,CmdStanNUTS,100,2000,1000,0.8
353.1339031019451,1.0009850016896227,729.1428106035758,1.000701398381052,0.03130078366198446,7.06839208,AHMCNUTS,100,2000,1000,0.8
1e3,0.9989995879691098,660.8608485813041,0.9992288608597981,,0.087199949,DHMCNUTS,100,2000,1000,0.8
741.1915426582163,0.9992824697301188,800.2896867677091,1.001542625537316,0.8622299999999985,0.616339968,CmdStanNUTS,100,2000,1000,0.8
459.12414918337,0.9998535104344292,564.5138526664877,1.0061303011864728,0.04186267771205702,5.845649428,AHMCNUTS,100,2000,1000,0.8
736.543884975361,1.0015569550808168,481.302236155849,1.0046776532172146,,0.079724223,DHMCNUTS,100,2000,1000,0.8
991.1765543319202,0.9990049731684199,905.8399483566336,0.9994365112573997,0.855020000000001,0.619147543,CmdStanNUTS,100,2000,1000,0.8
556.5528999340557,0.9998082441849363,1e3,0.9990026884106842,0.0715522593004927,4.8269766,AHMCNUTS,100,2000,1000,0.8
1e3,0.9990858148433983,572.5165804682416,1.0005836413724427,,0.068906858,DHMCNUTS,100,2000,1000,0.8
929.632895118215,1.0002952079572351,679.4503488134349,1.005152029866394,0.8804099999999994,0.651860039,CmdStanNUTS,100,2000,1000,0.8
414.88306686951057,1.001022747723908,611.695293580894,1.003085250937764,0.04880211498921888,5.539685836,AHMCNUTS,100,2000,1000,0.8
797.0979092157912,1.0007395352221415,689.625941326715,1.000690953633508,,0.066417755,DHMCNUTS,100,2000,1000,0.8
948.4281240454507,0.9990057174152969,945.6810654788201,0.9990654316415167,0.9650669999999991,0.626643456,CmdStanNUTS,100,2000,1000,0.8
163.745199486273,1.000901349508384,57.52053977457178,1.0599686526025203,0.18177589796800758,3.136324148,AHMCNUTS,100,2000,1000,0.8
997.927535111441,0.9996404060621766,826.4587041658718,0.9991217260645399,,0.065864469,DHMCNUTS,100,2000,1000,0.8
642.7697532070265,1.0019347358485378,790.7937706918376,0.999315106221792,0.8573019999999992,0.753839549,CmdStanNUTS,100,2000,1000,0.8
676.2326396663763,0.9990647333934025,686.6559428590813,1.0001965542642466,0.10313023620356242,3.894668842,AHMCNUTS,100,2000,1000,0.8
923.6770314478129,1.0002286471327888,710.8738265161358,0.9997447285930475,,0.064809062,DHMCNUTS,100,2000,1000,0.8
961.3796403736804,1.0040224015520938,804.2848007263356,1.001054043323989,0.9481660000000004,0.610109494,CmdStanNUTS,100,2000,1000,0.8
386.88178751603726,1.0120200448143322,599.6021816597337,1.0012801477075688,0.023745678280577324,8.61047401,AHMCNUTS,100,2000,1000,0.8
1e3,0.9996104009002675,650.7681686106137,0.9990529531961121,,0.07752619,DHMCNUTS,100,2000,1000,0.8
1e3,0.9994559706907967,762.7332593323845,0.9990349647192395,0.8489089999999998,0.605180793,CmdStanNUTS,100,2000,1000,0.8
702.4125265728807,0.9991745667666091,1e3,0.9990987818534613,0.07645983336697805,4.35125639,AHMCNUTS,100,2000,1000,0.8
771.2555150072174,0.999799349849376,575.5770152734133,0.9990729920269515,,0.090614774,DHMCNUTS,100,2000,1000,0.8
806.2161278642382,0.9998760325979159,707.5130563133998,1.0010015285201352,0.7954509999999998,0.634977679,CmdStanNUTS,100,2000,1000,0.8
835.7131799514923,1.000681739374834,806.5499432534045,0.9990064015421933,0.08449622368110528,4.022570146,AHMCNUTS,100,2000,1000,0.8
821.4771827190209,1.0038403991247014,301.6983569072828,1.0025484213398599,,0.094503095,DHMCNUTS,100,2000,1000,0.8
578.7647278390851,1.0031615182261766,526.3736585215329,1.0012549010503746,0.7876800000000012,0.710189341,CmdStanNUTS,100,2000,1000,0.8
649.7624287853135,0.9991009723716424,665.8323474285627,0.9999995345285486,0.03774565392560407,5.84135489,AHMCNUTS,100,2000,1000,0.8
915.8774353962247,1.0010183185073631,511.82924097750595,1.003494953398276,,0.089788184,DHMCNUTS,100,2000,1000,0.8
951.9918827750477,0.9990001512847191,869.3863611578756,1.0011641980014971,0.9011509999999994,0.621552119,CmdStanNUTS,100,2000,1000,0.8
392.5754792745645,0.9996066475303551,570.3945766184329,0.9998959911655836,0.028931372366132024,7.021474378,AHMCNUTS,100,2000,1000,0.8
1e3,0.999401533081802,959.3533226823303,0.9995112838766679,,0.072453648,DHMCNUTS,100,2000,1000,0.8
747.1714942993783,0.999708349605837,611.1558970862669,0.9990043667326935,0.7574189999999994,0.639830604,CmdStanNUTS,100,2000,1000,0.8
423.55672462717763,1.0023313452409295,729.2823624816389,0.999052908977708,0.029700851427083334,7.215879746,AHMCNUTS,100,2000,1000,0.8
1e3,1.000206013736973,465.1322267691551,0.9997080461451724,,0.081636549,DHMCNUTS,100,2000,1000,0.8
853.7319562245902,0.999268448230136,754.6087180517234,1.0009371215243625,0.8162719999999997,0.630048175,CmdStanNUTS,100,2000,1000,0.8
990.3099699263129,0.9990235305060842,962.0821615587146,1.00149387246546,0.08541465999279736,4.435620747,AHMCNUTS,100,2000,1000,0.8
908.5205377601542,1.0002313386561903,573.9105709423951,0.9992912659188223,,0.062613822,DHMCNUTS,100,2000,1000,0.8
957.1740723756435,0.9993390855493839,841.0058993659534,0.9994423604350441,0.8944819999999989,0.628742827,CmdStanNUTS,100,2000,1000,0.8
620.5912862573961,1.0026278330695824,996.13511421532,0.9997475236254768,0.0741342094222249,4.597786312,AHMCNUTS,100,2000,1000,0.8
876.4745321543411,1.000743548226528,393.89571642716726,1.000321005057377,,0.078401065,DHMCNUTS,100,2000,1000,0.8
585.8773455255522,0.9991107328056411,501.5276169371743,0.999224497083949,0.7428779999999997,0.60591639,CmdStanNUTS,100,2000,1000,0.8
450.3432236782086,0.999087230020341,642.0314392125591,0.999160207868509,0.043341881742011236,5.631544818,AHMCNUTS,100,2000,1000,0.8
1e3,1.0012045432752146,609.7165779685132,1.0000205201171437,,0.079349365,DHMCNUTS,100,2000,1000,0.8
979.6035112469631,0.999328782000493,939.4066112652345,1.0003457518543395,1.019219999999999,0.668533224,CmdStanNUTS,100,2000,1000,0.8
397.3104769956355,1.0046934694704879,573.1872451169594,1.0025670871298527,0.01976800949236469,8.841443594,AHMCNUTS,100,2000,1000,0.8
814.1787570559487,0.999471935164555,456.9316327533288,0.9998673607415466,,0.083159312,DHMCNUTS,100,2000,1000,0.8
804.6615907169569,0.999403434675581,784.5669084778672,1.0000578324791096,0.8750029999999998,0.6258785,CmdStanNUTS,100,2000,1000,0.8
703.1725761790185,1.0001789139481223,641.0310573215694,0.9993604618142445,0.10051962692089787,3.94642878,AHMCNUTS,100,2000,1000,0.8
992.0624075466941,0.9990037698840571,470.6427444471142,0.9991028677572985,,0.088699335,DHMCNUTS,100,2000,1000,0.8
1e3,1.000052090133611,889.2073034593909,0.9989997713120423,0.9255070000000014,0.641918713,CmdStanNUTS,100,2000,1000,0.8
676.7105320431648,1.000403610914548,781.066932423515,0.9992345764289147,0.0996702692122264,3.744873461,AHMCNUTS,100,2000,1000,0.8
1e3,0.9991123904531742,518.6511195570339,1.0012797932674755,,0.079008938,DHMCNUTS,100,2000,1000,0.8
830.0380717689898,1.00270900567129,647.0772699749488,1.0018567218373475,0.7570940000000006,0.659886749,CmdStanNUTS,100,2000,1000,0.8
396.77502846352274,1.0037195976018114,670.1454118683245,0.9990111585548995,0.037744296574339344,6.122643651,AHMCNUTS,100,2000,1000,0.8
860.6668331327968,0.9993425529627591,517.4356062174252,1.0037272126359256,,0.080692108,DHMCNUTS,100,2000,1000,0.8
697.8305569158243,0.9989997484009092,692.972820123649,1.0004433070507797,0.7435579999999999,0.648541882,CmdStanNUTS,100,2000,1000,0.8
400.94018400336614,1.0032749501690719,684.5547021304776,0.9994136792636018,0.0578478976248652,4.972925704,AHMCNUTS,100,2000,1000,0.8
1e3,0.9991027476968872,723.9579520519001,0.9996174149508206,,0.083956416,DHMCNUTS,100,2000,1000,0.8
1e3,0.9997964579627803,777.9330055550765,0.9997745146801509,0.9173869999999993,0.630390671,CmdStanNUTS,100,2000,1000,0.8
374.833896998961,1.0030955552682357,546.1876138427853,1.0000560145932564,0.11653159475532276,3.766381515,AHMCNUTS,100,2000,1000,0.8
1e3,0.9992677106386338,530.6597817633736,0.999016487432047,,0.07523988,DHMCNUTS,100,2000,1000,0.8
712.7876632393412,0.9990025377532953,689.7930899666594,1.0001329097313856,0.8757370000000003,0.608955918,CmdStanNUTS,100,2000,1000,0.8
455.203234259899,1.0010163478119527,486.2070960983866,0.9990029685406389,0.022824751995826533,9.215281281,AHMCNUTS,100,2000,1000,0.8
1e3,0.999308896381413,615.0496003427219,1.0000720882606375,,0.077695774,DHMCNUTS,100,2000,1000,0.8
456.6851695461018,1.0058767699597202,752.3213718790334,0.9996047139677305,0.9199770000000013,0.651575394,CmdStanNUTS,100,2000,1000,0.8
248.9753406999324,1.0018360735523681,473.0460737501485,1.00011485758165,0.14086266953677806,3.743165927,AHMCNUTS,100,2000,1000,0.8
918.2112404911759,1.0009055241238147,691.7207610905014,0.9996728493249109,,0.073127805,DHMCNUTS,100,2000,1000,0.8
537.6827339867333,0.9991171220408968,641.724685150469,1.0057587192793747,0.7664830000000006,0.603170002,CmdStanNUTS,100,2000,1000,0.8
433.393014371283,1.000037145225323,587.2663958030403,0.999519378920917,0.04842472121151002,5.509877595,AHMCNUTS,100,2000,1000,0.8
1e3,1.0013104481847181,557.8102653299571,0.9996188018990223,,0.09170484,DHMCNUTS,100,2000,1000,0.8
897.9520822057639,0.9990320852637954,796.926571352221,0.9994075092930907,0.9306679999999987,0.656752738,CmdStanNUTS,1000,2000,1000,0.8
763.7006102709635,0.999170082808961,557.6212226648187,1.0047603611665594,0.03055831284001815,34.953557408,AHMCNUTS,1000,2000,1000,0.8
1e3,0.9990545118305848,683.4394287736578,1.0019498280959593,,0.357831827,DHMCNUTS,1000,2000,1000,0.8
1e3,1.0033635366513975,771.698906793965,0.9993818984428495,0.8550290000000009,0.686420898,CmdStanNUTS,1000,2000,1000,0.8
440.74239971889256,0.9994447264179097,703.8792686126665,1.0019096813091302,0.007802874493563079,72.161924683,AHMCNUTS,1000,2000,1000,0.8
954.4606631787963,1.0015828253487853,415.0614258325129,0.9990111857157561,,0.403192416,DHMCNUTS,1000,2000,1000,0.8
745.2705983083206,0.9991237829904224,526.2614634339988,0.9990040341079655,0.7856779999999992,0.69238858,CmdStanNUTS,1000,2000,1000,0.8
142.0343774871951,0.9995134815171229,23.804345120737384,1.03015418427235,0.05846524510017879,25.996700991,AHMCNUTS,1000,2000,1000,0.8
904.1059186521127,1.0003812374843513,510.3871168746098,0.9990751390251064,,0.401385802,DHMCNUTS,1000,2000,1000,0.8
640.1939275329391,1.003845259634603,1e3,0.9991626777566642,0.8757689999999989,0.659448613,CmdStanNUTS,1000,2000,1000,0.8
480.3772266037592,1.0069043963941562,600.1735033566237,0.9998552052041078,0.01146323763394929,56.500698967,AHMCNUTS,1000,2000,1000,0.8
936.9199790019345,0.999011305101864,539.3388305682026,0.999946271040388,,0.379201216,DHMCNUTS,1000,2000,1000,0.8
364.8715187385237,1.004954751008617,815.7892456675586,0.9995324675475934,0.7641759999999995,0.646369619,CmdStanNUTS,1000,2000,1000,0.8
399.4685850377379,1.0070398456463419,799.69421121344,0.9999553600880214,0.018971334215970366,44.169315177,AHMCNUTS,1000,2000,1000,0.8
1e3,1.0013123139075786,643.8452777661729,0.9991282378428528,,0.345815699,DHMCNUTS,1000,2000,1000,0.8
932.7837981242918,1.000093089369413,1e3,0.9990598013536738,1.008659999999999,0.623744275,CmdStanNUTS,1000,2000,1000,0.8
248.6199434093507,1.0010725910533458,220.41003201620885,1.0031536619160792,0.04992577263300339,27.295167186,AHMCNUTS,1000,2000,1000,0.8
1e3,0.9990228651760071,670.9101618937415,1.000321923539197,,0.399038956,DHMCNUTS,1000,2000,1000,0.8
950.969644269801,0.9990177922146057,828.7073242815326,0.9990046597979868,0.940308000000001,0.664213153,CmdStanNUTS,1000,2000,1000,0.8
309.733833518394,1.0004451720362704,572.0690620570017,1.0005605007701004,0.039277992081514466,32.23855842,AHMCNUTS,1000,2000,1000,0.8
1e3,0.9990950914877972,708.8967320835769,0.999016559856862,,0.312457842,DHMCNUTS,1000,2000,1000,0.8
589.3224547388809,1.001907653244544,853.510754980195,0.9990881121601112,0.8464689999999992,0.739251413,CmdStanNUTS,1000,2000,1000,0.8
591.4388198005245,0.9993876435503486,978.6153093674517,1.0000640222586554,0.02030036007105427,41.677592291,AHMCNUTS,1000,2000,1000,0.8
1e3,0.9990257778562677,706.3212307853748,0.9990889565638867,,0.327696226,DHMCNUTS,1000,2000,1000,0.8
1e3,0.9991648842281443,821.6016604372645,1.0020167847183072,0.9492890000000002,0.623602221,CmdStanNUTS,1000,2000,1000,0.8
569.3135433446919,0.9996653438121534,694.171645951345,1.004948426136134,0.03525770974466508,32.62616509,AHMCNUTS,1000,2000,1000,0.8
943.3124249643289,0.9990950375075861,484.5310897524098,0.9996773979541762,,0.400093497,DHMCNUTS,1000,2000,1000,0.8
993.6667330793811,1.001985450321339,874.4689599405964,0.9991194946230287,0.8332520000000011,0.629866411,CmdStanNUTS,1000,2000,1000,0.8
393.17082762709816,0.9999705825180579,706.226971622718,0.9994473029894405,0.011641519124870001,53.154770551,AHMCNUTS,1000,2000,1000,0.8
876.3523936854747,0.9996285505591364,572.0931077977912,1.0008471781676525,,0.411859844,DHMCNUTS,1000,2000,1000,0.8
631.6948611489479,0.9994049124433316,760.5631383484632,0.9989995054018856,0.7528769999999999,0.638516811,CmdStanNUTS,1000,2000,1000,0.8
284.7260951238553,0.9990044237198566,624.6697519224513,0.9996254345928579,0.03941936287398813,31.418458499,AHMCNUTS,1000,2000,1000,0.8
1e3,0.9990932008732528,839.0377362611833,1.0017020644220125,,0.319502802,DHMCNUTS,1000,2000,1000,0.8
1e3,0.9993200071476863,784.3370905966079,0.9990164954695391,0.8652840000000008,0.636001896,CmdStanNUTS,1000,2000,1000,0.8
321.3515946333315,0.9991603754015412,547.9609892794832,0.9990000438038197,0.011111602944943065,56.049290799,AHMCNUTS,1000,2000,1000,0.8
1e3,1.0001335356901224,685.9094915682765,1.0010093714315202,,0.355222458,DHMCNUTS,1000,2000,1000,0.8
707.6311319300833,0.9995818932780032,903.5576146674927,0.9990532130784798,0.7507209999999992,0.716087414,CmdStanNUTS,1000,2000,1000,0.8
557.9235506681862,1.000473977984453,551.4326138306195,0.9994689194756926,0.016377839713565007,46.854096146,AHMCNUTS,1000,2000,1000,0.8
1e3,0.999918230237363,631.4090407567019,1.0010125535190668,,0.354089243,DHMCNUTS,1000,2000,1000,0.8
953.2162420115544,0.9996760542110215,1e3,0.9990021863554279,0.9033560000000009,0.63183157,CmdStanNUTS,1000,2000,1000,0.8
634.0953916704098,0.9993929285375374,605.7730866071479,0.9992133847325101,0.014639798276084637,48.495150221,AHMCNUTS,1000,2000,1000,0.8
825.220687783066,0.999008012319185,564.4632529729895,0.999173140900979,,0.375784769,DHMCNUTS,1000,2000,1000,0.8
600.0426937670627,1.0052422604292504,682.8091907556706,0.999466570076484,0.8223119999999987,0.651137516,CmdStanNUTS,1000,2000,1000,0.8
332.063459521508,1.0023613881282945,417.64305253079436,1.000259605154418,0.038668832826583864,31.789985322,AHMCNUTS,1000,2000,1000,0.8
840.7425096656978,0.9998661254301421,512.5823664030787,1.0057444874407846,,0.395382493,DHMCNUTS,1000,2000,1000,0.8
906.5563034159925,0.9997162564816011,859.6285518775857,1.0015675491902287,0.9376370000000007,0.617517859,CmdStanNUTS,1000,2000,1000,0.8
10.121831649367323,1.1312332291593272,27.26197602968289,1.1287002114329006,0.07506008309897148,25.081025349,AHMCNUTS,1000,2000,1000,0.8
1e3,0.9990179154429335,818.502907530366,0.9995608489368598,,0.35386279,DHMCNUTS,1000,2000,1000,0.8
937.5339578081004,0.9996803884043032,1e3,0.9990498078634649,0.9492600000000007,0.623140041,CmdStanNUTS,1000,2000,1000,0.8
468.45438396740553,1.0086471841269227,766.2666049694589,1.000482882156198,0.0349545994868006,33.687695774,AHMCNUTS,1000,2000,1000,0.8
1e3,0.9995841368626656,670.4771685809707,0.9990060032903032,,0.371553918,DHMCNUTS,1000,2000,1000,0.8
609.5657226080825,1.000222827485694,583.5628268137987,1.000351887590325,0.6612319999999992,0.664714465,CmdStanNUTS,1000,2000,1000,0.8
569.4021335905514,0.9990852984697243,580.1176508239568,0.9993987177696034,0.014492602689345815,49.4180162,AHMCNUTS,1000,2000,1000,0.8
901.2415372063892,0.99906072884453,556.8886423339828,0.9996469399322842,,0.388529541,DHMCNUTS,1000,2000,1000,0.8
1e3,0.9991196217781526,1e3,0.9990335087474042,0.9336899999999988,0.651540577,CmdStanNUTS,1000,2000,1000,0.8
465.2924453547047,0.9992486105448913,365.9234162861419,1.0005960105147047,0.03787674547223409,31.786011849,AHMCNUTS,1000,2000,1000,0.8
1e3,0.9996645365583365,478.4590991851409,1.0002555152823605,,0.344942575,DHMCNUTS,1000,2000,1000,0.8
720.9906814177239,0.9990881258722406,809.2211087418602,1.0070622437434784,0.8052309999999997,0.691933958,CmdStanNUTS,1000,2000,1000,0.8
250.28965423053714,0.9991309003385878,59.99310892521425,1.007061994488209,0.0528006251008612,26.341777689,AHMCNUTS,1000,2000,1000,0.8
1e3,1.0000514459912981,559.0359426599344,0.9997031958122612,,0.359570594,DHMCNUTS,1000,2000,1000,0.8
565.7661258150317,0.9993034012011538,1e3,0.9990940184070635,0.8546089999999985,0.629584442,CmdStanNUTS,1000,2000,1000,0.8
910.0321142912966,0.9990184070174057,1e3,0.9996238139194872,0.027217225082454295,34.738329928,AHMCNUTS,1000,2000,1000,0.8
1e3,1.0007108578892567,605.339723642319,1.000464657285332,,0.353695474,DHMCNUTS,1000,2000,1000,0.8
728.6408506336329,0.9991542251778519,673.4770600203474,1.0018285826532003,0.8223109999999995,0.652489915,CmdStanNUTS,1000,2000,1000,0.8
657.1092803310924,0.999511073250043,960.2592019810019,0.9992047023956996,0.026689682709474957,38.076444377,AHMCNUTS,1000,2000,1000,0.8
979.6350725808826,0.999311444800216,533.4846765709473,0.9990495641229191,,0.382822029,DHMCNUTS,1000,2000,1000,0.8
627.2243646735094,0.9990840602001395,678.7068397942528,0.9992714553073702,0.7518549999999994,0.634753428,CmdStanNUTS,1000,2000,1000,0.8
400.01916448625934,1.0086654345415387,773.9939299524192,0.9990448072610106,0.016565768952623076,46.996706863,AHMCNUTS,1000,2000,1000,0.8
1e3,0.9991348391601624,444.078618223712,1.0009328772296984,,0.364193217,DHMCNUTS,1000,2000,1000,0.8
1e3,0.9991723512032893,921.8730597678729,0.9997088124426357,1.0990099999999998,0.618497713,CmdStanNUTS,1000,2000,1000,0.8
552.6509971178021,1.0015275557053094,737.746683125793,0.9990005691488548,0.01201643128392126,54.759809848,AHMCNUTS,1000,2000,1000,0.8
1e3,0.9990022473960216,975.1326053276083,1.0024051555986768,,0.306867153,DHMCNUTS,1000,2000,1000,0.8
543.8903531343249,0.999342234268159,854.6132746864226,0.9990053510438442,0.8609700000000009,0.633079055,CmdStanNUTS,1000,2000,1000,0.8
469.55568347115656,0.9990347071299523,437.7238814065134,0.9992726477097544,0.007244258167095453,76.898488782,AHMCNUTS,1000,2000,1000,0.8
1e3,1.000084282912318,883.8256571704269,1.0001870313976804,,0.324694588,DHMCNUTS,1000,2000,1000,0.8
468.34912402354934,1.0051097978726222,606.3309478892294,1.0027619904640288,0.7538899999999987,1.096123813,CmdStanNUTS,1000,2000,1000,0.8
283.22079533851286,1.0052488266416388,459.6409729848711,0.9990868543092297,0.03828355514001939,32.420080829,AHMCNUTS,1000,2000,1000,0.8
1e3,0.9994426674568877,662.8106692071404,0.9991093223671128,,0.373481028,DHMCNUTS,1000,2000,1000,0.8
647.6773769984261,1.0076118057054881,739.9614260527385,0.9999477537053276,0.7793619999999994,0.658187358,CmdStanNUTS,1000,2000,1000,0.8
269.78907569862434,1.0018543489554148,317.0602766326308,1.003396671667233,0.04962534564147823,27.464211225,AHMCNUTS,1000,2000,1000,0.8
1e3,1.0000887109824355,540.6870483844081,1.0008886343046073,,0.376956594,DHMCNUTS,1000,2000,1000,0.8
861.9647224127402,0.9990045689217062,1e3,0.9998460461947964,0.8135929999999991,0.634819387,CmdStanNUTS,1000,2000,1000,0.8
463.1706151777552,1.0235801735622196,1e3,0.9995096545435952,0.02107146376867351,41.478971658,AHMCNUTS,1000,2000,1000,0.8
1e3,1.001356074156777,689.259033570067,0.9999213918641294,,0.434299166,DHMCNUTS,1000,2000,1000,0.8
842.0840754598615,0.999004923240078,804.3948328886795,0.9990327542115096,0.8563010000000006,0.632848293,CmdStanNUTS,1000,2000,1000,0.8
439.2173841239357,0.9996545667923952,665.4360005688693,0.9992830137722161,0.010857735788796683,57.374945446,AHMCNUTS,1000,2000,1000,0.8
891.3186393989057,0.9991913101535567,548.6224847340198,1.0003621761710058,,0.366030011,DHMCNUTS,1000,2000,1000,0.8
719.7293860344007,0.9993730776074142,780.3412618213346,0.9990063014014753,0.8092260000000003,0.657466834,CmdStanNUTS,1000,2000,1000,0.8
414.3799874266336,0.9999705155995343,492.9141952914037,1.0011268724796136,0.012412443146239025,52.998461814,AHMCNUTS,1000,2000,1000,0.8
1e3,0.9991360253840613,644.6125571952964,0.9992073989474849,,0.373670147,DHMCNUTS,1000,2000,1000,0.8
797.3770966004553,0.9991842051491568,829.7214277568025,1.0003260623855583,0.8632500000000005,0.675446582,CmdStanNUTS,1000,2000,1000,0.8
383.13450732577945,1.0008325762038386,547.1945594850372,0.9990550383700846,0.008501559957062529,68.715900951,AHMCNUTS,1000,2000,1000,0.8
1e3,0.9990222581419385,784.6800654531319,0.9992305575820835,,0.370358223,DHMCNUTS,1000,2000,1000,0.8
740.5440840960135,0.9990003040844301,714.9857730182254,1.000050907763952,0.8380319999999989,0.650807885,CmdStanNUTS,1000,2000,1000,0.8
625.32018668111,0.9991705478239105,956.5111893601046,0.9991336863918764,0.019763092984776905,44.744696438,AHMCNUTS,1000,2000,1000,0.8
910.6108672306866,1.0002121647735156,629.4620622970824,1.0141802010012186,,0.396241125,DHMCNUTS,1000,2000,1000,0.8
814.2310922611796,1.0001250352994415,765.0004785011623,0.9998342342096672,0.7290690000000002,0.670464751,CmdStanNUTS,1000,2000,1000,0.8
381.89824763325635,1.0010010893534993,785.9131492592134,0.9999927029561687,0.017928902409834555,44.451028271,AHMCNUTS,1000,2000,1000,0.8
856.8068129401377,0.9990060237712503,525.3213065740241,0.9993555544149842,,0.377540972,DHMCNUTS,1000,2000,1000,0.8
555.308618817583,0.9999483098487352,767.6015785597937,0.9992175781853697,0.8426880000000005,0.652060144,CmdStanNUTS,1000,2000,1000,0.8
580.5214669097766,0.9995477470794837,797.4329488173697,0.9999912435971605,0.03593793170217908,33.094597563,AHMCNUTS,1000,2000,1000,0.8
880.6266598271161,0.9998636289024528,964.960516790874,0.9996386582046284,,0.33173178,DHMCNUTS,1000,2000,1000,0.8
819.6208525998001,0.9998189683477879,634.8089280868904,1.0010266678185504,0.8902879999999991,0.664186035,CmdStanNUTS,1000,2000,1000,0.8
466.63125353242395,1.002021696932447,994.0332588040137,1.002005304843064,0.025482543774682568,38.514666391,AHMCNUTS,1000,2000,1000,0.8
1e3,0.9999395788482168,703.4612621141254,0.9999835856975487,,0.361452245,DHMCNUTS,1000,2000,1000,0.8
910.0165111050505,0.9994101580331746,1e3,0.9995703909708811,0.8584090000000014,0.639310277,CmdStanNUTS,1000,2000,1000,0.8
341.7700799844088,1.016085021237345,589.0282203766985,0.9992872538614664,0.006897006074302009,75.464883001,AHMCNUTS,1000,2000,1000,0.8
1e3,0.9995946613899438,713.9553108668073,1.0014102593823562,,0.345889389,DHMCNUTS,1000,2000,1000,0.8
656.9192631234241,1.0002214625194643,592.8779004879165,1.0023624985199302,0.7044199999999996,0.654034411,CmdStanNUTS,1000,2000,1000,0.8
506.5707357929421,0.9997432973174778,727.178634513179,0.9999864875488821,0.012343589235186645,52.922845724,AHMCNUTS,1000,2000,1000,0.8
1e3,0.9991127468102794,596.6491725610442,0.9989997204371971,,0.420489891,DHMCNUTS,1000,2000,1000,0.8
568.1447941441271,0.9995508297903876,800.5677196831259,1.0003946875104772,0.7508199999999995,0.641314059,CmdStanNUTS,1000,2000,1000,0.8
275.71665645242354,1.0122660145690519,540.6205096820705,1.0003718258711554,0.03902889277845861,31.514468387,AHMCNUTS,1000,2000,1000,0.8
947.7347919162825,0.9990289851759652,500.09636029847167,1.000136418844352,,0.39887367,DHMCNUTS,1000,2000,1000,0.8
920.0976308876733,1.0004326515877822,1e3,0.9990147294319025,0.9012519999999996,0.682127888,CmdStanNUTS,1000,2000,1000,0.8
801.0997271648321,0.999998171537764,912.4157111975934,0.9991125196377835,0.0273598974315601,35.972802921,AHMCNUTS,1000,2000,1000,0.8
1e3,0.9990276190398337,632.8815327816113,1.0031839851869826,,0.344060341,DHMCNUTS,1000,2000,1000,0.8
832.2979579113392,0.9994320197099182,1e3,0.9994416228627583,0.9406760000000017,0.639730056,CmdStanNUTS,1000,2000,1000,0.8
363.3372170721606,0.999025602891641,452.82523601794406,0.9997047701439152,0.03949986327231534,31.366616736,AHMCNUTS,1000,2000,1000,0.8
1e3,0.999355108220204,689.7958468112531,0.9993437229432878,,0.370055363,DHMCNUTS,1000,2000,1000,0.8
1e3,0.9994505916310478,1e3,0.9999367599935384,0.9526490000000003,0.642736693,CmdStanNUTS,1000,2000,1000,0.8
434.746141449679,1.0006317300475698,949.3207351939029,0.999157941900815,0.024047608628850605,38.65697114,AHMCNUTS,1000,2000,1000,0.8
716.3549961764609,0.9998635809502854,753.3488672995236,0.9992719265573565,,0.400951987,DHMCNUTS,1000,2000,1000,0.8
1e3,1.0000380998127085,1e3,0.9990735886546865,0.9816819999999994,0.646441748,CmdStanNUTS,1000,2000,1000,0.8
497.9849919520763,0.9990332939046866,802.179081436566,1.000798157093441,0.011992327164754745,53.895579528,AHMCNUTS,1000,2000,1000,0.8
1e3,1.0017834856842596,1e3,0.9990112376183241,,0.310298945,DHMCNUTS,1000,2000,1000,0.8
692.5801796289848,1.0002185730044209,610.1208539937043,0.9991931767815109,0.7182310000000002,0.628745899,CmdStanNUTS,1000,2000,1000,0.8
444.3454056231142,0.9995721541893896,812.3202357567561,0.9990399740109603,0.021629961512570347,42.491811167,AHMCNUTS,1000,2000,1000,0.8
709.8126355350653,0.9990537943647918,592.8317233799536,1.0011493812559142,,0.392578982,DHMCNUTS,1000,2000,1000,0.8
1e3,0.9990075650765903,968.8457211973481,0.9990365517804078,0.9349440000000009,0.660198954,CmdStanNUTS,1000,2000,1000,0.8
543.5608035304484,1.008632253852136,609.8059687697187,0.9990347389648658,0.013319671505530796,49.835631627,AHMCNUTS,1000,2000,1000,0.8
983.8481598541264,0.9993769898614168,529.1483980460232,0.9990495092081794,,0.374127467,DHMCNUTS,1000,2000,1000,0.8
1e3,0.9990017662153011,1e3,0.9990573515583268,0.9340759999999991,0.630469513,CmdStanNUTS,1000,2000,1000,0.8
316.53545672520573,1.0045378104685925,989.7800395707532,0.9990826482718919,0.01900708826760177,44.794930596,AHMCNUTS,1000,2000,1000,0.8
900.1219863168824,0.999428741907296,435.5964850668326,0.9990167554109624,,0.378535458,DHMCNUTS,1000,2000,1000,0.8
646.3457110755738,0.9992354288145867,947.8319821197636,0.9999527089120036,0.8551240000000015,0.630203602,CmdStanNUTS,1000,2000,1000,0.8
539.1673426964192,0.9990938461034138,584.6953026335708,1.0014583246163238,0.034988720333553186,33.051131008,AHMCNUTS,1000,2000,1000,0.8
1e3,0.999465626881102,460.67020962957724,0.999034622283433,,0.39212177,DHMCNUTS,1000,2000,1000,0.8
547.8887902695658,0.9996607381036896,765.0273551313467,0.9997783646295482,0.7952769999999996,0.655791724,CmdStanNUTS,1000,2000,1000,0.8
456.40278805826176,0.999336241360955,615.3204612701863,0.9996412499783209,0.011186834525842801,56.500444058,AHMCNUTS,1000,2000,1000,0.8
1e3,0.9994032714246538,625.2023726291648,1.0016976629521528,,0.393347444,DHMCNUTS,1000,2000,1000,0.8
810.2156158480559,0.9998386316107147,1e3,0.9990657401266628,0.978434999999999,0.645244437,CmdStanNUTS,1000,2000,1000,0.8
485.4728895894061,0.9995739878615523,1e3,0.999036122365109,0.022699027408303665,38.986778288,AHMCNUTS,1000,2000,1000,0.8
702.4884750884227,1.0004142906795208,436.05241763524367,1.002687286965964,,0.395042546,DHMCNUTS,1000,2000,1000,0.8
922.2820228302129,0.9990890376192065,689.6365841721905,0.9993342369785759,0.7589719999999998,0.639862698,CmdStanNUTS,1000,2000,1000,0.8
569.6462354659151,1.0001964274841513,673.2164679082675,1.000619990396983,0.03493855681715136,33.80425445,AHMCNUTS,1000,2000,1000,0.8
998.0644866864538,1.0014130907684948,628.7841734949745,0.9990395260086956,,0.394598195,DHMCNUTS,1000,2000,1000,0.8
779.7425290139688,0.9991844252864155,570.6085304945527,0.9996646818681355,0.825952999999999,0.724019696,CmdStanNUTS,1000,2000,1000,0.8
580.1153939659819,1.0029471706989397,564.8354076501387,0.9990908306602816,0.016728638660789535,45.799404163,AHMCNUTS,1000,2000,1000,0.8
963.6762649540719,0.9999114474144641,684.0465324514462,0.9992499559334576,,0.394972247,DHMCNUTS,1000,2000,1000,0.8
757.0900510911813,0.9990086469131255,1e3,0.9993493267707051,0.9217470000000014,0.676638481,CmdStanNUTS,2000,2000,1000,0.8
526.1507802405449,0.9990224197594754,533.3408179764049,0.9997836053612937,0.010422380910432096,96.151401252,AHMCNUTS,2000,2000,1000,0.8
1e3,1.0004342458102091,686.5828672846686,1.0002423673474776,,0.689900388,DHMCNUTS,2000,2000,1000,0.8
1e3,0.9991006557453024,978.4004685553456,0.9991141572012634,0.9719949999999999,0.684597325,CmdStanNUTS,2000,2000,1000,0.8
457.78445727841853,0.9990247735894382,548.580631923593,0.9990719694609929,0.025682619385829428,64.461962857,AHMCNUTS,2000,2000,1000,0.8
733.9424903499876,1.002792822106676,572.4326022536299,0.9994471738315971,,0.721915971,DHMCNUTS,2000,2000,1000,0.8
1e3,0.999785196722276,1e3,0.9990497106946815,0.9364130000000014,0.64662448,CmdStanNUTS,2000,2000,1000,0.8
585.6992457561835,0.9992138909661026,713.2454733390681,1.0009884344667241,0.02442029951311992,64.156027808,AHMCNUTS,2000,2000,1000,0.8
1e3,0.9994761883561489,542.7868318575232,1.0009220027649333,,0.735632536,DHMCNUTS,2000,2000,1000,0.8
803.6298487540264,1.001183988555555,733.4365765496884,0.999113381831909,0.7548010000000006,0.669497962,CmdStanNUTS,2000,2000,1000,0.8
418.5783289301245,0.9990669252702797,673.5839076318648,0.9999739459990454,0.012261683305452195,88.764289692,AHMCNUTS,2000,2000,1000,0.8
987.1979139595577,1.002464425766753,762.1880192705886,1.0029000167754847,,0.679320989,DHMCNUTS,2000,2000,1000,0.8
797.749403049648,0.9998049491602357,942.0706485035982,0.9992798852414451,0.8709410000000005,0.687833397,CmdStanNUTS,2000,2000,1000,0.8
430.8021723918249,0.9999394432678516,661.7026504463197,1.0003089340543223,0.007262283008834691,113.726065582,AHMCNUTS,2000,2000,1000,0.8
912.6939983572652,0.9993509457243527,578.012755788389,0.9992087496943604,,0.671696608,DHMCNUTS,2000,2000,1000,0.8
1e3,0.9993539662977734,766.4033977417479,0.9992136678797071,0.821652,0.809513288,CmdStanNUTS,2000,2000,1000,0.8
65.51957782900526,1.0056002239099593,22.736766818170572,1.0327681121709869,0.05172555786522816,51.719526255,AHMCNUTS,2000,2000,1000,0.8
821.1210176183013,0.9990022905329877,434.351428564217,1.0018129757866479,,0.714796946,DHMCNUTS,2000,2000,1000,0.8
1e3,1.0019027237770812,1e3,0.9997904961043674,0.8374270000000001,0.666778673,CmdStanNUTS,2000,2000,1000,0.8
469.6055385398586,0.9995753098469515,877.8154945507493,1.000930415198743,0.016456130349435598,78.083857957,AHMCNUTS,2000,2000,1000,0.8
1e3,1.0018267011382436,653.0428558722782,0.9991741524473493,,0.638886066,DHMCNUTS,2000,2000,1000,0.8
1e3,1.0007470363796187,928.1626311056044,0.9992165309569113,1.0734599999999992,0.653449512,CmdStanNUTS,2000,2000,1000,0.8
478.6708835494712,0.9994335574800629,767.0440917783164,1.0008265781100059,0.009015325366777389,104.135022708,AHMCNUTS,2000,2000,1000,0.8
847.0331081679072,0.9991942685731384,606.6147466786271,0.9991976865359489,,0.689780057,DHMCNUTS,2000,2000,1000,0.8
753.6704237474712,1.0004697947973247,863.9122087776501,0.9999779831217224,0.8846700000000001,0.681560218,CmdStanNUTS,2000,2000,1000,0.8
605.2473482166396,1.0032884102567743,839.1797637129282,0.9991960044606916,0.022568315788855663,66.922743107,AHMCNUTS,2000,2000,1000,0.8
1e3,0.9996136648557641,803.2436677227813,1.0003788223458079,,0.581737196,DHMCNUTS,2000,2000,1000,0.8
649.5220144714515,0.9991532692712649,1e3,0.9993982981826925,0.8724339999999989,0.682123568,CmdStanNUTS,2000,2000,1000,0.8
281.367382460695,1.003969829538915,528.2502752951242,1.0045512577393945,0.029073208433211428,61.203320343,AHMCNUTS,2000,2000,1000,0.8
946.1297850049928,0.9990374284214676,633.017622444996,1.0027165807178635,,0.745480301,DHMCNUTS,2000,2000,1000,0.8
948.1372857506442,1.0004595606641986,1e3,0.9990018344704485,0.8757120000000003,0.795478594,CmdStanNUTS,2000,2000,1000,0.8
769.057279129213,0.9996493127689834,787.6287327274714,0.999088702380404,0.02136443213252393,66.270990585,AHMCNUTS,2000,2000,1000,0.8
1e3,1.0001083845174499,665.701388143322,1.0006975681539703,,0.725671253,DHMCNUTS,2000,2000,1000,0.8
554.4553969260865,0.9993394834270394,905.6401664244087,0.9997860025049341,0.8015669999999991,0.723741589,CmdStanNUTS,2000,2000,1000,0.8
497.22753255373823,0.9998446456607145,852.9687915144907,0.9990391421418447,0.00891633343768909,105.141218697,AHMCNUTS,2000,2000,1000,0.8
959.0103875430374,0.999000782720783,848.5285701022899,0.9990046082448171,,0.603701698,DHMCNUTS,2000,2000,1000,0.8
668.537570153555,1.003400765701106,1e3,0.9990172058347236,0.7759629999999997,0.677519459,CmdStanNUTS,2000,2000,1000,0.8
637.6724706137304,0.9991418830159726,902.739333349961,0.9990001179938599,0.01753717675035604,72.902234099,AHMCNUTS,2000,2000,1000,0.8
680.4423364887688,1.000412965017633,644.3656987324844,1.0026087654804838,,0.782069947,DHMCNUTS,2000,2000,1000,0.8
1e3,0.9990459317872153,985.972146173422,0.9996405735904264,0.924515999999999,0.659369614,CmdStanNUTS,2000,2000,1000,0.8
592.9792329472846,1.0002999137515325,636.6823800171711,0.9993312477675451,0.009735143530894653,94.459299533,AHMCNUTS,2000,2000,1000,0.8
847.3324987083905,1.0013649113838494,584.5354494201201,1.0007492349484972,,0.701475479,DHMCNUTS,2000,2000,1000,0.8
855.0644318704548,0.9995202974061249,864.3497052911521,0.9990270176907207,0.7798009999999995,0.722852716,CmdStanNUTS,2000,2000,1000,0.8
524.9674907787155,0.999240002878047,1e3,0.9991879447814147,0.016465039681098474,81.694796687,AHMCNUTS,2000,2000,1000,0.8
894.2858317370894,0.9990479945821925,644.3731184630947,0.9990155611589667,,0.805830187,DHMCNUTS,2000,2000,1000,0.8
625.3235681148092,1.0027001142954763,1e3,0.9992636763731767,0.8678900000000008,0.663138171,CmdStanNUTS,2000,2000,1000,0.8
854.926203141817,0.9996452349627934,1e3,1.0008980466921567,0.02254080274345778,65.140149515,AHMCNUTS,2000,2000,1000,0.8
1e3,0.999057343022293,500.3401189063922,1.0041968656831235,,0.68580622,DHMCNUTS,2000,2000,1000,0.8
1e3,0.9990007171972679,1e3,0.9990012873352417,0.9339179999999987,0.689325422,CmdStanNUTS,2000,2000,1000,0.8
1e3,0.9990812800225725,874.8568658076933,0.9990703724913386,0.020092437343955057,70.870252321,AHMCNUTS,2000,2000,1000,0.8
996.7377881761088,0.9991955391322039,691.5128678806881,0.9991749369649207,,0.687712759,DHMCNUTS,2000,2000,1000,0.8
804.9364941448308,0.9995110250095022,1e3,0.9990082735072139,0.873719000000001,0.712727859,CmdStanNUTS,2000,2000,1000,0.8
35.9019548526063,1.0306772536039437,84.99401392701819,0.9993133962177794,0.04594392053664767,51.763407731,AHMCNUTS,2000,2000,1000,0.8
1e3,0.9993904211151867,752.9959749995703,1.0013565033442278,,0.580067955,DHMCNUTS,2000,2000,1000,0.8
1e3,1.0006243938983732,1e3,1.0022689949619734,0.9578589999999992,0.669447799,CmdStanNUTS,2000,2000,1000,0.8
767.6209742498515,1.0041560514783048,1e3,1.000343942319717,0.018143154733472052,73.259652352,AHMCNUTS,2000,2000,1000,0.8
989.9053178119982,0.999329157162541,682.0031730212156,1.0035143396158481,,0.728196405,DHMCNUTS,2000,2000,1000,0.8
829.8647811761452,0.9990712001302138,837.1008090594587,1.0030928360488551,0.7609739999999999,0.702902381,CmdStanNUTS,2000,2000,1000,0.8
724.1150248266923,0.9992473648504512,847.3378834546418,0.999431384005324,0.020840114333905674,69.746912219,AHMCNUTS,2000,2000,1000,0.8
1e3,0.9996452027751271,686.6591880627582,0.9999196837047968,,0.617064834,DHMCNUTS,2000,2000,1000,0.8
979.9914130655573,0.9997502950921794,794.9774204465571,0.9990752618910579,0.7878120000000008,0.670091218,CmdStanNUTS,2000,2000,1000,0.8
534.0137681889021,0.9990496219247971,554.4483363749,0.9991797944107483,0.025670141804971625,64.078751442,AHMCNUTS,2000,2000,1000,0.8
979.7974233842448,1.0006297676895355,657.3509290572853,1.0035658940341314,,0.762579531,DHMCNUTS,2000,2000,1000,0.8
683.5793663468805,0.9993495699890352,890.9683753911772,0.9998776797532652,0.8143269999999996,0.706724893,CmdStanNUTS,2000,2000,1000,0.8
457.1298832479235,0.9991842355540826,324.01816869349943,0.99933496714647,0.00509925118929683,149.753206076,AHMCNUTS,2000,2000,1000,0.8
850.0896042081519,0.9990647146501291,528.4987552987853,0.9990714676294857,,0.720306212,DHMCNUTS,2000,2000,1000,0.8
885.886941354755,0.9992465296345137,1e3,0.9989995797539677,0.8983320000000015,0.65477023,CmdStanNUTS,2000,2000,1000,0.8
583.9952802357517,0.9995809597416233,1e3,1.0060949295156931,0.016657873783291192,76.159558153,AHMCNUTS,2000,2000,1000,0.8
961.5593927687612,0.9992034028481239,548.311585785873,1.0000173578850624,,0.709877918,DHMCNUTS,2000,2000,1000,0.8
1e3,0.9991788680131004,1e3,1.0013817669745666,0.8586219999999987,0.66714648,CmdStanNUTS,2000,2000,1000,0.8
862.9738125508951,0.9995726801433388,726.6121249508737,1.0002203591904888,0.02108896724404324,67.155396691,AHMCNUTS,2000,2000,1000,0.8
748.1254923400861,1.003262866849959,320.24707370316827,1.0016518858194436,,0.71644193,DHMCNUTS,2000,2000,1000,0.8
891.0793086779872,0.9990160802182058,1e3,0.9995176068461542,0.8877049999999987,0.664704376,CmdStanNUTS,2000,2000,1000,0.8
552.1459508717314,1.0018906652031967,720.3203714342965,0.999019923625138,0.025045827214770063,65.047856139,AHMCNUTS,2000,2000,1000,0.8
1e3,0.9997215460278172,597.7862594211956,1.0038253753448307,,0.610202579,DHMCNUTS,2000,2000,1000,0.8
1e3,0.9990316705011841,1e3,0.9993176349593892,0.9145609999999995,0.669303992,CmdStanNUTS,2000,2000,1000,0.8
507.3844114970474,0.9994934745111276,566.607865097075,0.9992041170342468,0.005490970276694269,141.658869007,AHMCNUTS,2000,2000,1000,0.8
549.1605962760992,1.0039900695823665,495.68639948381247,0.9990120075122924,,0.715593887,DHMCNUTS,2000,2000,1000,0.8
874.4174921786401,0.999494994913915,768.7267989199021,0.9989995446384815,0.7790019999999991,0.768787511,CmdStanNUTS,2000,2000,1000,0.8
597.3727547179233,1.000073349931157,1e3,0.9991579974594341,0.01552668807126134,82.25454224,AHMCNUTS,2000,2000,1000,0.8
1e3,0.9998041020213873,600.5791559698059,1.0029987980354111,,0.771409766,DHMCNUTS,2000,2000,1000,0.8
577.2658526968628,1.0002918513434866,602.3725078067723,0.9990826003108406,0.7621809999999991,0.779693518,CmdStanNUTS,2000,2000,1000,0.8
939.5765359616471,1.0007489666274512,915.8707094190889,1.0000043057463175,0.01982108736695062,72.307627077,AHMCNUTS,2000,2000,1000,0.8
741.8924691881114,0.999024031826766,510.4684126285743,1.0020652677478,,0.734123472,DHMCNUTS,2000,2000,1000,0.8
839.9428136357561,0.9992803672679278,1e3,1.005150622526672,0.9499950000000005,0.695076827,CmdStanNUTS,2000,2000,1000,0.8
497.0651936560613,1.0017236256434363,665.0262341800667,0.9999799832510389,0.013320021567335687,87.005206802,AHMCNUTS,2000,2000,1000,0.8
1e3,0.9995315357863677,781.929274226717,1.0013931423544336,,0.623295314,DHMCNUTS,2000,2000,1000,0.8
969.19182842801,0.9990324809378397,1e3,0.9991207341025816,1.0054999999999992,0.711387171,CmdStanNUTS,2000,2000,1000,0.8
486.8035741820307,1.003110843152915,1e3,1.0007643274292182,0.0138094298193668,86.760360872,AHMCNUTS,2000,2000,1000,0.8
710.4685561099104,0.9990333118328534,480.4941052491506,0.9999919677326612,,0.725846653,DHMCNUTS,2000,2000,1000,0.8
864.9582450234379,1.000792056559292,1e3,1.0025059778327237,0.9523810000000007,0.690258974,CmdStanNUTS,2000,2000,1000,0.8
453.28731939211326,1.0040343145521369,465.2961314345073,0.999591831453632,0.004551557398681018,156.901463475,AHMCNUTS,2000,2000,1000,0.8
1e3,0.9990170238585896,660.6816134870426,0.9998755748495181,,0.684773173,DHMCNUTS,2000,2000,1000,0.8
725.2729867834505,0.9997999033130841,644.5336043716931,0.9996183362842851,0.8532849999999998,0.711148249,CmdStanNUTS,2000,2000,1000,0.8
365.2998593613938,0.9990278275631742,569.0158296902683,0.9993600409128259,0.01029599098066337,97.40403624,AHMCNUTS,2000,2000,1000,0.8
1e3,0.9992172007101454,616.2279460920001,1.0049762951284449,,0.685027639,DHMCNUTS,2000,2000,1000,0.8
1e3,0.9992819298285012,775.3983251568218,0.9994525892342533,0.890217,0.666874235,CmdStanNUTS,2000,2000,1000,0.8
217.90412399384817,0.9992903681723597,327.27222171762685,1.0007830982631327,0.03549791660920329,55.203922973,AHMCNUTS,2000,2000,1000,0.8
1e3,1.0005823150678494,584.57043479674,1.0013399331376822,,0.680045233,DHMCNUTS,2000,2000,1000,0.8
709.8212927558614,0.9990012486528707,794.5541483508803,1.0012164925978821,0.76746,0.872516203,CmdStanNUTS,2000,2000,1000,0.8
531.1963546366342,0.9991377065981782,792.6328844472853,1.0016718621427985,0.012918836130868748,88.996624214,AHMCNUTS,2000,2000,1000,0.8
878.1343288245274,0.9991657828796319,656.2068653213335,1.003434975760245,,0.77548938,DHMCNUTS,2000,2000,1000,0.8
852.704868866977,0.9994379305998073,658.2981919302146,0.9994888755423541,0.854954999999999,0.693474333,CmdStanNUTS,2000,2000,1000,0.8
471.9001830563247,1.0003584741387688,683.887682647887,0.9999764721282204,0.012318832266733557,91.576155687,AHMCNUTS,2000,2000,1000,0.8
988.5263684594281,1.0008893314492873,546.3262831813589,0.9990290837122794,,0.633574725,DHMCNUTS,2000,2000,1000,0.8
630.8932724615282,1.003012550875918,792.34920828696,0.9991417351272611,0.7509500000000007,0.714965469,CmdStanNUTS,2000,2000,1000,0.8
510.46142602840143,1.000531020390045,691.5260523466668,0.9991181678998232,0.010753142359405355,93.971262624,AHMCNUTS,2000,2000,1000,0.8
970.1698539205418,0.9990580354778144,571.0540030173921,1.0006897408140727,,0.73534494,DHMCNUTS,2000,2000,1000,0.8
871.4584377811577,0.9990003648291645,647.8242659529874,0.9992807544903112,0.841859999999999,0.681644135,CmdStanNUTS,2000,2000,1000,0.8
469.15947160762335,0.9990544149120238,515.9824049131023,1.0001521506903417,0.007484136390577835,117.170431166,AHMCNUTS,2000,2000,1000,0.8
693.831625344674,0.9990510986943785,544.4944366049247,0.9994906757002419,,0.744566459,DHMCNUTS,2000,2000,1000,0.8
984.0872566826746,1.0010437951439428,850.5396254555436,1.001911295826781,0.8613750000000004,0.679436191,CmdStanNUTS,2000,2000,1000,0.8
438.26345188276696,0.9991713350845146,765.8355647962699,0.9993401772176806,0.01384101533219064,86.349843953,AHMCNUTS,2000,2000,1000,0.8
913.5544190987233,0.9990601663950616,462.2911081299318,0.9996809779766459,,0.688600199,DHMCNUTS,2000,2000,1000,0.8
1e3,0.9990137119379098,737.0145428531968,1.0021107770108353,1.0305899999999988,0.698573479,CmdStanNUTS,2000,2000,1000,0.8
496.94371018270914,1.0046908172241142,586.2250965320542,1.0011093182451898,0.01113248120720138,92.319736726,AHMCNUTS,2000,2000,1000,0.8
1e3,0.9996037542969001,900.7559928785432,0.9991621428613595,,0.581837789,DHMCNUTS,2000,2000,1000,0.8
790.466277049976,0.9999893866375514,886.9127491424964,0.9993557884031558,0.7985540000000005,0.694741876,CmdStanNUTS,2000,2000,1000,0.8
510.79992892987696,0.9990321452255094,809.931906441413,0.9999480415136461,0.011321554015866988,92.712737956,AHMCNUTS,2000,2000,1000,0.8
825.8798627853591,0.9990103792941454,397.4810366708949,0.9991582522967231,,0.726093859,DHMCNUTS,2000,2000,1000,0.8
832.3994743333957,0.9991237911008665,893.6137547847758,0.9999221540405528,0.8284740000000002,0.737400531,CmdStanNUTS,2000,2000,1000,0.8
345.2529122745605,1.002810841825225,536.0431741253298,0.9991623344517037,0.010967274782838548,93.299807657,AHMCNUTS,2000,2000,1000,0.8
1e3,0.9992967184522606,632.048603237631,0.9990033496683284,,0.761396183,DHMCNUTS,2000,2000,1000,0.8
733.1377165605612,1.0011250367476396,578.9029469181916,0.9993130325981484,0.7492760000000012,0.714467237,CmdStanNUTS,2000,2000,1000,0.8
478.61445258545814,0.9990013956568214,585.7610640664265,0.9991447393262468,0.010625735758221047,94.022469076,AHMCNUTS,2000,2000,1000,0.8
1e3,0.9990447634042022,777.3998150646144,1.0036230665374022,,0.592057283,DHMCNUTS,2000,2000,1000,0.8
1e3,0.9992150336636442,582.184712584476,0.9994309771318728,0.8938169999999991,0.674655752,CmdStanNUTS,2000,2000,1000,0.8
773.6055365310871,1.0008266964393755,798.1659811453646,0.999089385425246,0.02347796582973747,64.019810421,AHMCNUTS,2000,2000,1000,0.8
1e3,1.0003568920257533,730.2467043506314,0.9998364468216825,,0.617260256,DHMCNUTS,2000,2000,1000,0.8
692.7299860508406,0.9990939822871915,914.8392252369684,1.0005209212353134,0.8878070000000003,0.711596734,CmdStanNUTS,2000,2000,1000,0.8
457.47021444963843,0.9994665257070279,665.8136831672888,0.9990157484439158,0.011760211063617543,92.462698242,AHMCNUTS,2000,2000,1000,0.8
1e3,0.9992747372336429,614.2818539548425,1.0007006019660385,,0.751585886,DHMCNUTS,2000,2000,1000,0.8
948.2323288714899,0.9991535851828656,1e3,0.9990359074556056,0.8822910000000006,0.657743861,CmdStanNUTS,2000,2000,1000,0.8
784.5569484763623,0.9990245198091469,808.4473230635651,0.9996230050000824,0.022326724876095674,65.139709575,AHMCNUTS,2000,2000,1000,0.8
993.6889932593822,0.9990000320424126,616.0917910802683,1.0031187297414512,,0.720836357,DHMCNUTS,2000,2000,1000,0.8
706.6550172230628,1.000170866527179,769.0740559005054,0.9997026806587803,0.8272740000000006,0.715788873,CmdStanNUTS,2000,2000,1000,0.8
784.6519182283229,0.9989995881129446,914.7994875401077,1.0003442149097548,0.01917761259666213,72.735739819,AHMCNUTS,2000,2000,1000,0.8
836.1024610063648,1.0027625809005436,629.2094025004922,1.0006506727825542,,0.711924495,DHMCNUTS,2000,2000,1000,0.8
966.9425519957899,0.9992983398853484,1e3,0.9991630377630281,0.9204709999999994,0.674722235,CmdStanNUTS,2000,2000,1000,0.8
646.7265639282247,0.9991568425641947,1e3,1.0008805666803768,0.016746431844048587,76.584873985,AHMCNUTS,2000,2000,1000,0.8
785.229792329463,0.9990046127054782,623.3609605342526,1.0036824915041473,,0.70277896,DHMCNUTS,2000,2000,1000,0.8
1e3,1.0008254091711046,1e3,1.0010057239755372,0.9395850000000002,0.795570596,CmdStanNUTS,2000,2000,1000,0.8
436.43619509608004,0.9990050926052966,724.2215752841788,0.999108993772506,0.008462339403297499,110.366851723,AHMCNUTS,2000,2000,1000,0.8
1e3,0.9995326922479691,547.0206437157613,1.0011129164415444,,0.659567538,DHMCNUTS,2000,2000,1000,0.8
869.8993304887458,1.0000685821051924,950.554410654514,1.000165033432075,0.8240359999999997,0.708631828,CmdStanNUTS,2000,2000,1000,0.8
554.4841438196984,0.999002721229777,477.84097103164277,1.0006966579238668,0.0110637581596562,94.380043889,AHMCNUTS,2000,2000,1000,0.8
759.6441486959365,1.0019786249280078,630.6496472901009,0.9991198464505491,,0.775073506,DHMCNUTS,2000,2000,1000,0.8
921.3706238962299,0.9994327153337437,1e3,0.9990254302361185,0.8973340000000006,0.682052412,CmdStanNUTS,2000,2000,1000,0.8
358.1219632320479,1.0004557139665153,589.1250458966896,0.9993320856387711,0.007215607638822352,119.783399032,AHMCNUTS,2000,2000,1000,0.8
1e3,0.9992224553788106,672.2395814814104,1.0003976459249502,,0.70646333,DHMCNUTS,2000,2000,1000,0.8
